{
    "pset_actionrequest": "ifcsharedmgmtelements",
    "pset_actorcommon": "ifckernel",
    "pset_actuatorphistory": "ifcbuildingcontrolsdomain",
    "pset_actuatortypecommon": "ifcbuildingcontrolsdomain",
    "pset_actuatortypeelectricactuator": "ifcbuildingcontrolsdomain",
    "pset_actuatortypehydraulicactuator": "ifcbuildingcontrolsdomain",
    "pset_actuatortypelinearactuation": "ifcbuildingcontrolsdomain",
    "pset_actuatortypepneumaticactuator": "ifcbuildingcontrolsdomain",
    "pset_actuatortyperotationalactuation": "ifcbuildingcontrolsdomain",
    "pset_airsidesysteminformation": "ifcsharedbldgserviceelements",
    "pset_airterminalboxphistory": "ifchvacdomain",
    "pset_airterminalboxtypecommon": "ifchvacdomain",
    "pset_airterminaloccurrence": "ifchvacdomain",
    "pset_airterminalphistory": "ifchvacdomain",
    "pset_airterminaltypecommon": "ifchvacdomain",
    "pset_airtoairheatrecoveryphistory": "ifchvacdomain",
    "pset_airtoairheatrecoverytypecommon": "ifchvacdomain",
    "pset_alarmphistory": "ifcbuildingcontrolsdomain",
    "pset_alarmtypecommon": "ifcbuildingcontrolsdomain",
    "pset_annotationcontourline": "ifcproductextension",
    "pset_annotationlineofsight": "ifcproductextension",
    "pset_annotationsurveyarea": "ifcproductextension",
    "pset_asset": "ifcsharedfacilitieselements",
    "pset_audiovisualappliancephistory": "ifcelectricaldomain",
    "pset_audiovisualappliancetypeamplifier": "ifcelectricaldomain",
    "pset_audiovisualappliancetypecamera": "ifcelectricaldomain",
    "pset_audiovisualappliancetypecommon": "ifcelectricaldomain",
    "pset_audiovisualappliancetypedisplay": "ifcelectricaldomain",
    "pset_audiovisualappliancetypeplayer": "ifcelectricaldomain",
    "pset_audiovisualappliancetypeprojector": "ifcelectricaldomain",
    "pset_audiovisualappliancetypereceiver": "ifcelectricaldomain",
    "pset_audiovisualappliancetypespeaker": "ifcelectricaldomain",
    "pset_audiovisualappliancetypetuner": "ifcelectricaldomain",
    "pset_beamcommon": "ifcsharedbldgelements",
    "pset_boilerphistory": "ifchvacdomain",
    "pset_boilertypecommon": "ifchvacdomain",
    "pset_boilertypesteam": "ifchvacdomain",
    "pset_boilertypewater": "ifchvacdomain",
    "pset_buildingcommon": "ifcproductextension",
    "pset_buildingelementproxycommon": "ifcsharedbldgelements",
    "pset_buildingelementproxyprovisionforvoid": "ifcsharedbldgelements",
    "pset_buildingstoreycommon": "ifcproductextension",
    "pset_buildingsystemcommon": "ifcsharedbldgelements",
    "pset_buildinguse": "ifcproductextension",
    "pset_buildinguseadjacent": "ifcproductextension",
    "pset_burnertypecommon": "ifchvacdomain",
    "pset_cablecarrierfittingtypecommon": "ifcelectricaldomain",
    "pset_cablecarriersegmenttypecableladdersegment": "ifcelectricaldomain",
    "pset_cablecarriersegmenttypecabletraysegment": "ifcelectricaldomain",
    "pset_cablecarriersegmenttypecabletrunkingsegment": "ifcelectricaldomain",
    "pset_cablecarriersegmenttypecommon": "ifcelectricaldomain",
    "pset_cablecarriersegmenttypeconduitsegment": "ifcelectricaldomain",
    "pset_cablefittingtypecommon": "ifcelectricaldomain",
    "pset_cablesegmentoccurrence": "ifcelectricaldomain",
    "pset_cablesegmenttypebusbarsegment": "ifcelectricaldomain",
    "pset_cablesegmenttypecablesegment": "ifcelectricaldomain",
    "pset_cablesegmenttypecommon": "ifcelectricaldomain",
    "pset_cablesegmenttypeconductorsegment": "ifcelectricaldomain",
    "pset_cablesegmenttypecoresegment": "ifcelectricaldomain",
    "pset_chillerphistory": "ifchvacdomain",
    "pset_chillertypecommon": "ifchvacdomain",
    "pset_chimneycommon": "ifcsharedbldgelements",
    "pset_civilelementcommon": "ifcproductextension",
    "pset_coiloccurrence": "ifchvacdomain",
    "pset_coilphistory": "ifchvacdomain",
    "pset_coiltypecommon": "ifchvacdomain",
    "pset_coiltypehydronic": "ifchvacdomain",
    "pset_columncommon": "ifcsharedbldgelements",
    "pset_communicationsappliancephistory": "ifcelectricaldomain",
    "pset_communicationsappliancetypecommon": "ifcelectricaldomain",
    "pset_compressorphistory": "ifchvacdomain",
    "pset_compressortypecommon": "ifchvacdomain",
    "pset_concreteelementgeneral": "ifcstructuralelementsdomain",
    "pset_condenserphistory": "ifchvacdomain",
    "pset_condensertypecommon": "ifchvacdomain",
    "pset_condition": "ifcsharedfacilitieselements",
    "pset_constructionresource": "ifcconstructionmgmtdomain",
    "pset_controllerphistory": "ifcbuildingcontrolsdomain",
    "pset_controllertypecommon": "ifcbuildingcontrolsdomain",
    "pset_controllertypefloating": "ifcbuildingcontrolsdomain",
    "pset_controllertypemultiposition": "ifcbuildingcontrolsdomain",
    "pset_controllertypeprogrammable": "ifcbuildingcontrolsdomain",
    "pset_controllertypeproportional": "ifcbuildingcontrolsdomain",
    "pset_controllertypetwoposition": "ifcbuildingcontrolsdomain",
    "pset_cooledbeamphistory": "ifchvacdomain",
    "pset_cooledbeamphistoryactive": "ifchvacdomain",
    "pset_cooledbeamtypeactive": "ifchvacdomain",
    "pset_cooledbeamtypecommon": "ifchvacdomain",
    "pset_coolingtowerphistory": "ifchvacdomain",
    "pset_coolingtowertypecommon": "ifchvacdomain",
    "pset_coveringceiling": "ifcsharedbldgelements",
    "pset_coveringcommon": "ifcsharedbldgelements",
    "pset_coveringflooring": "ifcsharedbldgelements",
    "pset_curtainwallcommon": "ifcsharedbldgelements",
    "pset_damperoccurrence": "ifchvacdomain",
    "pset_damperphistory": "ifchvacdomain",
    "pset_dampertypecommon": "ifchvacdomain",
    "pset_dampertypecontroldamper": "ifchvacdomain",
    "pset_dampertypefiredamper": "ifchvacdomain",
    "pset_dampertypefiresmokedamper": "ifchvacdomain",
    "pset_dampertypesmokedamper": "ifchvacdomain",
    "pset_discreteaccessorycolumnshoe": "ifcsharedcomponentelements",
    "pset_discreteaccessorycornerfixingplate": "ifcsharedcomponentelements",
    "pset_discreteaccessorydiagonaltrussconnector": "ifcsharedcomponentelements",
    "pset_discreteaccessoryedgefixingplate": "ifcsharedcomponentelements",
    "pset_discreteaccessoryfixingsocket": "ifcsharedcomponentelements",
    "pset_discreteaccessoryladdertrussconnector": "ifcsharedcomponentelements",
    "pset_discreteaccessorystandardfixingplate": "ifcsharedcomponentelements",
    "pset_discreteaccessorywireloop": "ifcsharedcomponentelements",
    "pset_distributionchamberelementcommon": "ifcsharedbldgserviceelements",
    "pset_distributionchamberelementtypeformedduct": "ifcsharedbldgserviceelements",
    "pset_distributionchamberelementtypeinspectionchamber": "ifcsharedbldgserviceelements",
    "pset_distributionchamberelementtypeinspectionpit": "ifcsharedbldgserviceelements",
    "pset_distributionchamberelementtypemanhole": "ifcsharedbldgserviceelements",
    "pset_distributionchamberelementtypemeterchamber": "ifcsharedbldgserviceelements",
    "pset_distributionchamberelementtypesump": "ifcsharedbldgserviceelements",
    "pset_distributionchamberelementtypetrench": "ifcsharedbldgserviceelements",
    "pset_distributionchamberelementtypevalvechamber": "ifcsharedbldgserviceelements",
    "pset_distributionportcommon": "ifcsharedbldgserviceelements",
    "pset_distributionportphistorycable": "ifcsharedbldgserviceelements",
    "pset_distributionportphistoryduct": "ifcsharedbldgserviceelements",
    "pset_distributionportphistorypipe": "ifcsharedbldgserviceelements",
    "pset_distributionporttypecable": "ifcsharedbldgserviceelements",
    "pset_distributionporttypeduct": "ifcsharedbldgserviceelements",
    "pset_distributionporttypepipe": "ifcsharedbldgserviceelements",
    "pset_distributionsystemcommon": "ifcsharedbldgserviceelements",
    "pset_distributionsystemtypeelectrical": "ifcsharedbldgserviceelements",
    "pset_distributionsystemtypeventilation": "ifcsharedbldgserviceelements",
    "pset_doorcommon": "ifcsharedbldgelements",
    "pset_doorwindowglazingtype": "ifcsharedbldgelements",
    "pset_ductfittingoccurrence": "ifchvacdomain",
    "pset_ductfittingphistory": "ifchvacdomain",
    "pset_ductfittingtypecommon": "ifchvacdomain",
    "pset_ductsegmentoccurrence": "ifchvacdomain",
    "pset_ductsegmentphistory": "ifchvacdomain",
    "pset_ductsegmenttypecommon": "ifchvacdomain",
    "pset_ductsilencerphistory": "ifchvacdomain",
    "pset_ductsilencertypecommon": "ifchvacdomain",
    "pset_electricaldevicecommon": "ifcelectricaldomain",
    "pset_electricappliancephistory": "ifcelectricaldomain",
    "pset_electricappliancetypecommon": "ifcelectricaldomain",
    "pset_electricappliancetypedishwasher": "ifcelectricaldomain",
    "pset_electricappliancetypeelectriccooker": "ifcelectricaldomain",
    "pset_electricdistributionboardoccurrence": "ifcelectricaldomain",
    "pset_electricdistributionboardtypecommon": "ifcelectricaldomain",
    "pset_electricflowstoragedevicephistory": "ifcelectricaldomain",
    "pset_electricflowstoragedevicetypecommon": "ifcelectricaldomain",
    "pset_electricgeneratortypecommon": "ifcelectricaldomain",
    "pset_electricmotortypecommon": "ifcelectricaldomain",
    "pset_electrictimecontroltypecommon": "ifcelectricaldomain",
    "pset_elementassemblycommon": "ifcproductextension",
    "pset_elementcomponentcommon": "ifcsharedcomponentelements",
    "pset_enginetypecommon": "ifchvacdomain",
    "pset_environmentalimpactindicators": "ifcproductextension",
    "pset_environmentalimpactvalues": "ifcproductextension",
    "pset_evaporativecoolerphistory": "ifchvacdomain",
    "pset_evaporativecoolertypecommon": "ifchvacdomain",
    "pset_evaporatorphistory": "ifchvacdomain",
    "pset_evaporatortypecommon": "ifchvacdomain",
    "pset_fancentrifugal": "ifchvacdomain",
    "pset_fanoccurrence": "ifchvacdomain",
    "pset_fanphistory": "ifchvacdomain",
    "pset_fantypecommon": "ifchvacdomain",
    "pset_fastenerweld": "ifcsharedcomponentelements",
    "pset_filterphistory": "ifchvacdomain",
    "pset_filtertypeairparticlefilter": "ifchvacdomain",
    "pset_filtertypecommon": "ifchvacdomain",
    "pset_filtertypecompressedairfilter": "ifchvacdomain",
    "pset_filtertypewaterfilter": "ifchvacdomain",
    "pset_firesuppressionterminaltypebreechinginlet": "ifcplumbingfireprotectiondomain",
    "pset_firesuppressionterminaltypecommon": "ifcplumbingfireprotectiondomain",
    "pset_firesuppressionterminaltypefirehydrant": "ifcplumbingfireprotectiondomain",
    "pset_firesuppressionterminaltypehosereel": "ifcplumbingfireprotectiondomain",
    "pset_firesuppressionterminaltypesprinkler": "ifcplumbingfireprotectiondomain",
    "pset_flowinstrumentphistory": "ifcbuildingcontrolsdomain",
    "pset_flowinstrumenttypecommon": "ifcbuildingcontrolsdomain",
    "pset_flowinstrumenttypepressuregauge": "ifcbuildingcontrolsdomain",
    "pset_flowinstrumenttypethermometer": "ifcbuildingcontrolsdomain",
    "pset_flowmeteroccurrence": "ifchvacdomain",
    "pset_flowmetertypecommon": "ifchvacdomain",
    "pset_flowmetertypeenergymeter": "ifchvacdomain",
    "pset_flowmetertypegasmeter": "ifchvacdomain",
    "pset_flowmetertypeoilmeter": "ifchvacdomain",
    "pset_flowmetertypewatermeter": "ifchvacdomain",
    "pset_footingcommon": "ifcstructuralelementsdomain",
    "pset_furnituretypechair": "ifcsharedfacilitieselements",
    "pset_furnituretypecommon": "ifcsharedfacilitieselements",
    "pset_furnituretypedesk": "ifcsharedfacilitieselements",
    "pset_furnituretypefilecabinet": "ifcsharedfacilitieselements",
    "pset_furnituretypetable": "ifcsharedfacilitieselements",
    "pset_heatexchangertypecommon": "ifchvacdomain",
    "pset_heatexchangertypeplate": "ifchvacdomain",
    "pset_humidifierphistory": "ifchvacdomain",
    "pset_humidifiertypecommon": "ifchvacdomain",
    "pset_interceptortypecommon": "ifcplumbingfireprotectiondomain",
    "pset_junctionboxtypecommon": "ifcelectricaldomain",
    "pset_lamptypecommon": "ifcelectricaldomain",
    "pset_landregistration": "ifcproductextension",
    "pset_lightfixturetypecommon": "ifcelectricaldomain",
    "pset_lightfixturetypesecuritylighting": "ifcelectricaldomain",
    "pset_manufactureroccurrence": "ifcsharedfacilitieselements",
    "pset_manufacturertypeinformation": "ifcsharedfacilitieselements",
    "pset_materialcombustion": "ifcmaterialresource",
    "pset_materialcommon": "ifcmaterialresource",
    "pset_materialconcrete": "ifcmaterialresource",
    "pset_materialenergy": "ifcmaterialresource",
    "pset_materialfuel": "ifcmaterialresource",
    "pset_materialhygroscopic": "ifcmaterialresource",
    "pset_materialmechanical": "ifcmaterialresource",
    "pset_materialoptical": "ifcmaterialresource",
    "pset_materialsteel": "ifcmaterialresource",
    "pset_materialthermal": "ifcmaterialresource",
    "pset_materialwater": "ifcmaterialresource",
    "pset_materialwood": "ifcmaterialresource",
    "pset_materialwoodbasedbeam": "ifcmaterialresource",
    "pset_materialwoodbasedpanel": "ifcmaterialresource",
    "pset_mechanicalfasteneranchorbolt": "ifcsharedcomponentelements",
    "pset_mechanicalfastenerbolt": "ifcsharedcomponentelements",
    "pset_mechanicalfastenercommon": "ifcsharedcomponentelements",
    "pset_medicaldevicetypecommon": "ifchvacdomain",
    "pset_membercommon": "ifcsharedbldgelements",
    "pset_motorconnectiontypecommon": "ifcelectricaldomain",
    "pset_openingelementcommon": "ifcproductextension",
    "pset_outlettypecommon": "ifcelectricaldomain",
    "pset_outsidedesigncriteria": "ifcsharedbldgserviceelements",
    "pset_packinginstructions": "ifcsharedmgmtelements",
    "pset_permit": "ifcsharedmgmtelements",
    "pset_pilecommon": "ifcstructuralelementsdomain",
    "pset_pipeconnectionflanged": "ifchvacdomain",
    "pset_pipefittingoccurrence": "ifchvacdomain",
    "pset_pipefittingphistory": "ifchvacdomain",
    "pset_pipefittingtypebend": "ifchvacdomain",
    "pset_pipefittingtypecommon": "ifchvacdomain",
    "pset_pipefittingtypejunction": "ifchvacdomain",
    "pset_pipesegmentoccurrence": "ifchvacdomain",
    "pset_pipesegmentphistory": "ifchvacdomain",
    "pset_pipesegmenttypecommon": "ifchvacdomain",
    "pset_pipesegmenttypeculvert": "ifchvacdomain",
    "pset_pipesegmenttypegutter": "ifchvacdomain",
    "pset_platecommon": "ifcsharedbldgelements",
    "pset_precastconcreteelementfabrication": "ifcstructuralelementsdomain",
    "pset_precastconcreteelementgeneral": "ifcstructuralelementsdomain",
    "pset_precastslab": "ifcstructuralelementsdomain",
    "pset_profilearbitrarydoublet": "ifcprofileresource",
    "pset_profilearbitraryhollowcore": "ifcprofileresource",
    "pset_profilemechanical": "ifcprofileresource",
    "pset_projectorderchangeorder": "ifcsharedmgmtelements",
    "pset_projectordermaintenanceworkorder": "ifcsharedmgmtelements",
    "pset_projectordermoveorder": "ifcsharedmgmtelements",
    "pset_projectorderpurchaseorder": "ifcsharedmgmtelements",
    "pset_projectorderworkorder": "ifcsharedmgmtelements",
    "pset_propertyagreement": "ifcsharedfacilitieselements",
    "pset_protectivedevicebreakeruniti2tcurve": "ifcelectricaldomain",
    "pset_protectivedevicebreakeruniti2tfusecurve": "ifcelectricaldomain",
    "pset_protectivedevicebreakerunitipicurve": "ifcelectricaldomain",
    "pset_protectivedevicebreakerunittypemcb": "ifcelectricaldomain",
    "pset_protectivedevicebreakerunittypemotorprotection": "ifcelectricaldomain",
    "pset_protectivedeviceoccurrence": "ifcelectricaldomain",
    "pset_protectivedevicetrippingcurve": "ifcelectricaldomain",
    "pset_protectivedevicetrippingfunctiongcurve": "ifcelectricaldomain",
    "pset_protectivedevicetrippingfunctionicurve": "ifcelectricaldomain",
    "pset_protectivedevicetrippingfunctionlcurve": "ifcelectricaldomain",
    "pset_protectivedevicetrippingfunctionscurve": "ifcelectricaldomain",
    "pset_protectivedevicetrippingunitcurrentadjustment": "ifcelectricaldomain",
    "pset_protectivedevicetrippingunittimeadjustment": "ifcelectricaldomain",
    "pset_protectivedevicetrippingunittypecommon": "ifcelectricaldomain",
    "pset_protectivedevicetrippingunittypeelectromagnetic": "ifcelectricaldomain",
    "pset_protectivedevicetrippingunittypeelectronic": "ifcelectricaldomain",
    "pset_protectivedevicetrippingunittyperesidualcurrent": "ifcelectricaldomain",
    "pset_protectivedevicetrippingunittypethermal": "ifcelectricaldomain",
    "pset_protectivedevicetypecircuitbreaker": "ifcelectricaldomain",
    "pset_protectivedevicetypecommon": "ifcelectricaldomain",
    "pset_protectivedevicetypeearthleakagecircuitbreaker": "ifcelectricaldomain",
    "pset_protectivedevicetypefusedisconnector": "ifcelectricaldomain",
    "pset_protectivedevicetyperesidualcurrentcircuitbreaker": "ifcelectricaldomain",
    "pset_protectivedevicetyperesidualcurrentswitch": "ifcelectricaldomain",
    "pset_protectivedevicetypevaristor": "ifcelectricaldomain",
    "pset_pumpoccurrence": "ifchvacdomain",
    "pset_pumpphistory": "ifchvacdomain",
    "pset_pumptypecommon": "ifchvacdomain",
    "pset_railingcommon": "ifcsharedbldgelements",
    "pset_rampcommon": "ifcsharedbldgelements",
    "pset_rampflightcommon": "ifcsharedbldgelements",
    "pset_reinforcementbarcountofindependentfooting": "ifcstructuralelementsdomain",
    "pset_reinforcementbarpitchofbeam": "ifcstructuralelementsdomain",
    "pset_reinforcementbarpitchofcolumn": "ifcstructuralelementsdomain",
    "pset_reinforcementbarpitchofcontinuousfooting": "ifcstructuralelementsdomain",
    "pset_reinforcementbarpitchofslab": "ifcstructuralelementsdomain",
    "pset_reinforcementbarpitchofwall": "ifcstructuralelementsdomain",
    "pset_reinforcingbarcommon": "ifcstructuralelementsdomain",
    "pset_reinforcingmeshcommon": "ifcstructuralelementsdomain",
    "pset_risk": "ifcsharedfacilitieselements",
    "pset_roofcommon": "ifcsharedbldgelements",
    "pset_sanitaryterminaltypebath": "ifcplumbingfireprotectiondomain",
    "pset_sanitaryterminaltypebidet": "ifcplumbingfireprotectiondomain",
    "pset_sanitaryterminaltypecistern": "ifcplumbingfireprotectiondomain",
    "pset_sanitaryterminaltypecommon": "ifcplumbingfireprotectiondomain",
    "pset_sanitaryterminaltypesanitaryfountain": "ifcplumbingfireprotectiondomain",
    "pset_sanitaryterminaltypeshower": "ifcplumbingfireprotectiondomain",
    "pset_sanitaryterminaltypesink": "ifcplumbingfireprotectiondomain",
    "pset_sanitaryterminaltypetoiletpan": "ifcplumbingfireprotectiondomain",
    "pset_sanitaryterminaltypeurinal": "ifcplumbingfireprotectiondomain",
    "pset_sanitaryterminaltypewashhandbasin": "ifcplumbingfireprotectiondomain",
    "pset_sensorphistory": "ifcbuildingcontrolsdomain",
    "pset_sensortypeco2sensor": "ifcbuildingcontrolsdomain",
    "pset_sensortypecommon": "ifcbuildingcontrolsdomain",
    "pset_sensortypeconductancesensor": "ifcbuildingcontrolsdomain",
    "pset_sensortypecontactsensor": "ifcbuildingcontrolsdomain",
    "pset_sensortypefiresensor": "ifcbuildingcontrolsdomain",
    "pset_sensortypeflowsensor": "ifcbuildingcontrolsdomain",
    "pset_sensortypefrostsensor": "ifcbuildingcontrolsdomain",
    "pset_sensortypegassensor": "ifcbuildingcontrolsdomain",
    "pset_sensortypeheatsensor": "ifcbuildingcontrolsdomain",
    "pset_sensortypehumiditysensor": "ifcbuildingcontrolsdomain",
    "pset_sensortypeidentifiersensor": "ifcbuildingcontrolsdomain",
    "pset_sensortypeionconcentrationsensor": "ifcbuildingcontrolsdomain",
    "pset_sensortypelevelsensor": "ifcbuildingcontrolsdomain",
    "pset_sensortypelightsensor": "ifcbuildingcontrolsdomain",
    "pset_sensortypemoisturesensor": "ifcbuildingcontrolsdomain",
    "pset_sensortypemovementsensor": "ifcbuildingcontrolsdomain",
    "pset_sensortypephsensor": "ifcbuildingcontrolsdomain",
    "pset_sensortypepressuresensor": "ifcbuildingcontrolsdomain",
    "pset_sensortyperadiationsensor": "ifcbuildingcontrolsdomain",
    "pset_sensortyperadioactivitysensor": "ifcbuildingcontrolsdomain",
    "pset_sensortypesmokesensor": "ifcbuildingcontrolsdomain",
    "pset_sensortypesoundsensor": "ifcbuildingcontrolsdomain",
    "pset_sensortypetemperaturesensor": "ifcbuildingcontrolsdomain",
    "pset_sensortypewindsensor": "ifcbuildingcontrolsdomain",
    "pset_servicelife": "ifcsharedfacilitieselements",
    "pset_servicelifefactors": "ifcsharedfacilitieselements",
    "pset_shadingdevicecommon": "ifcsharedbldgelements",
    "pset_shadingdevicephistory": "ifchvacdomain",
    "pset_sitecommon": "ifcproductextension",
    "pset_slabcommon": "ifcsharedbldgelements",
    "pset_solardevicetypecommon": "ifcelectricaldomain",
    "pset_soundattenuation": "ifcsharedbldgserviceelements",
    "pset_soundgeneration": "ifcsharedbldgserviceelements",
    "pset_spacecommon": "ifcproductextension",
    "pset_spacecoveringrequirements": "ifcproductextension",
    "pset_spacefiresafetyrequirements": "ifcproductextension",
    "pset_spaceheaterphistory": "ifchvacdomain",
    "pset_spaceheatertypecommon": "ifchvacdomain",
    "pset_spaceheatertypeconvector": "ifchvacdomain",
    "pset_spaceheatertyperadiator": "ifchvacdomain",
    "pset_spacelightingrequirements": "ifcproductextension",
    "pset_spaceoccupancyrequirements": "ifcproductextension",
    "pset_spaceparking": "ifcproductextension",
    "pset_spacethermaldesign": "ifcsharedbldgserviceelements",
    "pset_spacethermalload": "ifcsharedbldgserviceelements",
    "pset_spacethermalloadphistory": "ifcsharedbldgserviceelements",
    "pset_spacethermalphistory": "ifchvacdomain",
    "pset_spacethermalrequirements": "ifcproductextension",
    "pset_spatialzonecommon": "ifcproductextension",
    "pset_stackterminaltypecommon": "ifcplumbingfireprotectiondomain",
    "pset_staircommon": "ifcsharedbldgelements",
    "pset_stairflightcommon": "ifcsharedbldgelements",
    "pset_structuralsurfacemembervaryingthickness": "ifcstructuralanalysisdomain",
    "pset_switchingdevicetypecommon": "ifcelectricaldomain",
    "pset_switchingdevicetypecontactor": "ifcelectricaldomain",
    "pset_switchingdevicetypedimmerswitch": "ifcelectricaldomain",
    "pset_switchingdevicetypeemergencystop": "ifcelectricaldomain",
    "pset_switchingdevicetypekeypad": "ifcelectricaldomain",
    "pset_switchingdevicetypemomentaryswitch": "ifcelectricaldomain",
    "pset_switchingdevicetypephistory": "ifcelectricaldomain",
    "pset_switchingdevicetypeselectorswitch": "ifcelectricaldomain",
    "pset_switchingdevicetypestarter": "ifcelectricaldomain",
    "pset_switchingdevicetypeswitchdisconnector": "ifcelectricaldomain",
    "pset_switchingdevicetypetoggleswitch": "ifcelectricaldomain",
    "pset_systemfurnitureelementtypecommon": "ifcsharedfacilitieselements",
    "pset_systemfurnitureelementtypepanel": "ifcsharedfacilitieselements",
    "pset_systemfurnitureelementtypeworksurface": "ifcsharedfacilitieselements",
    "pset_tankoccurrence": "ifchvacdomain",
    "pset_tankphistory": "ifchvacdomain",
    "pset_tanktypecommon": "ifchvacdomain",
    "pset_tanktypeexpansion": "ifchvacdomain",
    "pset_tanktypepreformed": "ifchvacdomain",
    "pset_tanktypepressurevessel": "ifchvacdomain",
    "pset_tanktypesectional": "ifchvacdomain",
    "pset_tendonanchorcommon": "ifcstructuralelementsdomain",
    "pset_tendoncommon": "ifcstructuralelementsdomain",
    "pset_thermalloadaggregate": "ifcsharedbldgserviceelements",
    "pset_thermalloaddesigncriteria": "ifcsharedbldgserviceelements",
    "pset_transformertypecommon": "ifcelectricaldomain",
    "pset_transportelementcommon": "ifcproductextension",
    "pset_transportelementelevator": "ifcproductextension",
    "pset_tubebundletypecommon": "ifchvacdomain",
    "pset_tubebundletypefinned": "ifchvacdomain",
    "pset_unitarycontrolelementphistory": "ifcbuildingcontrolsdomain",
    "pset_unitarycontrolelementtypecommon": "ifcbuildingcontrolsdomain",
    "pset_unitarycontrolelementtypeindicatorpanel": "ifcbuildingcontrolsdomain",
    "pset_unitarycontrolelementtypethermostat": "ifcbuildingcontrolsdomain",
    "pset_unitaryequipmenttypeairconditioningunit": "ifchvacdomain",
    "pset_unitaryequipmenttypeairhandler": "ifchvacdomain",
    "pset_unitaryequipmenttypecommon": "ifchvacdomain",
    "pset_utilityconsumptionphistory": "ifcsharedbldgserviceelements",
    "pset_valvephistory": "ifchvacdomain",
    "pset_valvetypeairrelease": "ifchvacdomain",
    "pset_valvetypecommon": "ifchvacdomain",
    "pset_valvetypedrawoffcock": "ifchvacdomain",
    "pset_valvetypefaucet": "ifchvacdomain",
    "pset_valvetypeflushing": "ifchvacdomain",
    "pset_valvetypegastap": "ifchvacdomain",
    "pset_valvetypeisolating": "ifchvacdomain",
    "pset_valvetypemixing": "ifchvacdomain",
    "pset_valvetypepressurereducing": "ifchvacdomain",
    "pset_valvetypepressurerelief": "ifchvacdomain",
    "pset_vibrationisolatortypecommon": "ifchvacdomain",
    "pset_wallcommon": "ifcsharedbldgelements",
    "pset_warranty": "ifcsharedfacilitieselements",
    "pset_wasteterminaltypecommon": "ifcplumbingfireprotectiondomain",
    "pset_wasteterminaltypefloortrap": "ifcplumbingfireprotectiondomain",
    "pset_wasteterminaltypefloorwaste": "ifcplumbingfireprotectiondomain",
    "pset_wasteterminaltypegullysump": "ifcplumbingfireprotectiondomain",
    "pset_wasteterminaltypegullytrap": "ifcplumbingfireprotectiondomain",
    "pset_wasteterminaltyperoofdrain": "ifcplumbingfireprotectiondomain",
    "pset_wasteterminaltypewastedisposalunit": "ifcplumbingfireprotectiondomain",
    "pset_wasteterminaltypewastetrap": "ifcplumbingfireprotectiondomain",
    "pset_windowcommon": "ifcsharedbldgelements",
    "pset_workcontrolcommon": "ifcprocessextension",
    "pset_zonecommon": "ifcproductextension",
    "qto_actuatorbasequantities": "ifcbuildingcontrolsdomain",
    "qto_airterminalbasequantities": "ifchvacdomain",
    "qto_airterminalboxtypebasequantities": "ifchvacdomain",
    "qto_airtoairheatrecoverybasequantities": "ifchvacdomain",
    "qto_alarmbasequantities": "ifcbuildingcontrolsdomain",
    "qto_audiovisualappliancebasequantities": "ifcelectricaldomain",
    "qto_beambasequantities": "ifcsharedbldgelements",
    "qto_boilerbasequantities": "ifchvacdomain",
    "qto_buildingbasequantities": "ifcproductextension",
    "qto_buildingelementproxyquantities": "ifcsharedbldgelements",
    "qto_buildingstoreybasequantities": "ifcproductextension",
    "qto_burnerbasequantities": "ifchvacdomain",
    "qto_cablecarrierfittingbasequantities": "ifcelectricaldomain",
    "qto_cablecarriersegmentbasequantities": "ifcelectricaldomain",
    "qto_cablefittingbasequantities": "ifcelectricaldomain",
    "qto_cablesegmentbasequantities": "ifcelectricaldomain",
    "qto_chillerbasequantities": "ifchvacdomain",
    "qto_chimneybasequantities": "ifcsharedbldgelements",
    "qto_coilbasequantities": "ifchvacdomain",
    "qto_columnbasequantities": "ifcsharedbldgelements",
    "qto_communicationsappliancebasequantities": "ifcelectricaldomain",
    "qto_compressorbasequantities": "ifchvacdomain",
    "qto_condenserbasequantities": "ifchvacdomain",
    "qto_constructionequipmentresourcebasequantities": "ifcconstructionmgmtdomain",
    "qto_constructionmaterialresourcebasequantities": "ifcconstructionmgmtdomain",
    "qto_controllerbasequantities": "ifcbuildingcontrolsdomain",
    "qto_cooledbeambasequantities": "ifchvacdomain",
    "qto_coolingtowerbasequantities": "ifchvacdomain",
    "qto_coveringbasequantities": "ifcsharedbldgelements",
    "qto_curtainwallquantities": "ifcsharedbldgelements",
    "qto_damperbasequantities": "ifchvacdomain",
    "qto_distributionchamberelementbasequantities": "ifcsharedbldgserviceelements",
    "qto_doorbasequantities": "ifcsharedbldgelements",
    "qto_ductfittingbasequantities": "ifchvacdomain",
    "qto_ductsegmentbasequantities": "ifchvacdomain",
    "qto_ductsilencerbasequantities": "ifchvacdomain",
    "qto_electricappliancebasequantities": "ifcelectricaldomain",
    "qto_electricdistributionboardbasequantities": "ifcelectricaldomain",
    "qto_electricflowstoragedevicebasequantities": "ifcelectricaldomain",
    "qto_electricgeneratorbasequantities": "ifcelectricaldomain",
    "qto_electricmotorbasequantities": "ifcelectricaldomain",
    "qto_electrictimecontrolbasequantities": "ifcelectricaldomain",
    "qto_evaporativecoolerbasequantities": "ifchvacdomain",
    "qto_evaporatorbasequantities": "ifchvacdomain",
    "qto_fanbasequantities": "ifchvacdomain",
    "qto_filterbasequantities": "ifchvacdomain",
    "qto_firesuppressionterminalbasequantities": "ifcplumbingfireprotectiondomain",
    "qto_flowinstrumentbasequantities": "ifcbuildingcontrolsdomain",
    "qto_flowmeterbasequantities": "ifchvacdomain",
    "qto_footingbasequantities": "ifcstructuralelementsdomain",
    "qto_heatexchangerbasequantities": "ifchvacdomain",
    "qto_humidifierbasequantities": "ifchvacdomain",
    "qto_interceptorbasequantities": "ifcplumbingfireprotectiondomain",
    "qto_junctionboxbasequantities": "ifcelectricaldomain",
    "qto_laborresourcebasequantities": "ifcconstructionmgmtdomain",
    "qto_lampbasequantities": "ifcelectricaldomain",
    "qto_lightfixturebasequantities": "ifcelectricaldomain",
    "qto_memberbasequantities": "ifcsharedbldgelements",
    "qto_motorconnectionbasequantities": "ifcelectricaldomain",
    "qto_openingelementbasequantities": "ifcproductextension",
    "qto_outletbasequantities": "ifcelectricaldomain",
    "qto_pilebasequantities": "ifcstructuralelementsdomain",
    "qto_pipefittingbasequantities": "ifchvacdomain",
    "qto_pipesegmentbasequantities": "ifchvacdomain",
    "qto_platebasequantities": "ifcsharedbldgelements",
    "qto_projectionelementbasequantities": "ifcproductextension",
    "qto_protectivedevicebasequantities": "ifcelectricaldomain",
    "qto_protectivedevicetrippingunitbasequantities": "ifcelectricaldomain",
    "qto_pumpbasequantities": "ifchvacdomain",
    "qto_railingbasequantities": "ifcsharedbldgelements",
    "qto_rampflightbasequantities": "ifcsharedbldgelements",
    "qto_reinforcingelementbasequantities": "ifcstructuralelementsdomain",
    "qto_roofbasequantities": "ifcsharedbldgelements",
    "qto_sanitaryterminalbasequantities": "ifcplumbingfireprotectiondomain",
    "qto_sensorbasequantities": "ifcbuildingcontrolsdomain",
    "qto_sitebasequantities": "ifcproductextension",
    "qto_slabbasequantities": "ifcsharedbldgelements",
    "qto_solardevicebasequantities": "ifcelectricaldomain",
    "qto_spacebasequantities": "ifcproductextension",
    "qto_spaceheaterbasequantities": "ifchvacdomain",
    "qto_stackterminalbasequantities": "ifcplumbingfireprotectiondomain",
    "qto_stairflightbasequantities": "ifcsharedbldgelements",
    "qto_switchingdevicebasequantities": "ifcelectricaldomain",
    "qto_tankbasequantities": "ifchvacdomain",
    "qto_transformerbasequantities": "ifcelectricaldomain",
    "qto_tubebundlebasequantities": "ifchvacdomain",
    "qto_unitarycontrolelementbasequantities": "ifcbuildingcontrolsdomain",
    "qto_unitaryequipmentbasequantities": "ifchvacdomain",
    "qto_valvebasequantities": "ifchvacdomain",
    "qto_vibrationisolatorbasequantities": "ifchvacdomain",
    "qto_wallbasequantities": "ifcsharedbldgelements",
    "qto_wasteterminalbasequantities": "ifcplumbingfireprotectiondomain",
    "qto_windowbasequantities": "ifcsharedbldgelements"
}